pipeline,page_id,source_id,status,field_task_layout,text_reference_type,text_policy,CER,WER,text_alignment,strict_matches,targets,warmed_median_seconds
A,S1-p001,S1,completed,table_scalar_targets,prose_passage,default,0.0,0.0,resolved,0,4,1.294508200000564
A,S1-p002,S1,completed,table_scalar_targets,prose_passage,default,0.007547169811320755,0.04,resolved,0,4,2.1086931000008917
A,S2-p001,S2,completed,narrative_scalar_targets,prose_passage,default,0.00528169014084507,0.030303030303030304,resolved,4,4,2.613357600001109
A,S2-p004,S2,completed,table_scalar_targets,prose_passage,default,0.0,0.0,resolved,0,4,3.4957497999985208
A,S2-p005,S2,completed,table_scalar_targets,prose_passage,default,0.003766478342749529,0.02127659574468085,resolved,0,4,3.0897053999997297
A,S3-p005,S3,completed,table_scalar_targets,prose_passage,default,0.0,0.0,resolved,0,4,2.467354399999749
A,S3-p008,S3,completed,table_scalar_targets,prose_passage,default,0.0019193857965451055,0.011627906976744186,resolved,0,4,3.6330933999997796
A,S3-p010,S3,completed,table_scalar_targets,prose_passage,default,0.007017543859649123,0.030612244897959183,resolved,2,4,3.54837310000039
A,S3-p012,S3,completed,table_scalar_targets,table_labels,table_labels_v1,1.240506329113924,3.0,resolved,2,4,5.220561199999793
A,S4-p004,S4,completed,narrative_scalar_targets,prose_passage,default,0.0,0.0,resolved,3,4,2.433962099999917
A,S4-p010,S4,completed,table_scalar_targets,table_labels,table_labels_v1,0.3351063829787234,0.34615384615384615,resolved,0,4,3.366943799999717
A,S4-p011,S4,completed,table_scalar_targets,table_labels,table_labels_v1,0.30344827586206896,0.47368421052631576,resolved,3,4,6.611855999999534
B,S1-p001,S1,completed,table_scalar_targets,prose_passage,default,0.005333333333333333,0.029411764705882353,resolved,2,4,2.429560599999604
B,S1-p002,S1,completed,table_scalar_targets,prose_passage,default,0.011320754716981131,0.05,unresolved,2,4,4.24578560000009
B,S2-p001,S2,completed,narrative_scalar_targets,prose_passage,default,0.02112676056338028,0.12121212121212122,resolved,3,4,4.045102800000677
B,S2-p004,S2,completed,table_scalar_targets,prose_passage,default,0.005597014925373134,0.022222222222222223,resolved,4,4,5.764040599999134
B,S2-p005,S2,completed,table_scalar_targets,prose_passage,default,0.003766478342749529,0.02127659574468085,resolved,4,4,5.354743599998983
B,S3-p005,S3,completed,table_scalar_targets,prose_passage,default,0.0,0.0,resolved,4,4,3.692484700000932
B,S3-p008,S3,completed,table_scalar_targets,prose_passage,default,0.007677543186180422,0.023255813953488372,unresolved,4,4,4.637579899999764
B,S3-p010,S3,completed,table_scalar_targets,prose_passage,default,0.11052631578947368,0.17346938775510204,unresolved,3,4,5.520642699999371
B,S3-p012,S3,completed,table_scalar_targets,table_labels,table_labels_v1,1.0,1.0,resolved,0,4,6.871735400000034
B,S4-p004,S4,completed,narrative_scalar_targets,prose_passage,default,0.04007633587786259,0.05952380952380952,unresolved,3,4,3.7249253999998473
B,S4-p010,S4,completed,table_scalar_targets,table_labels,table_labels_v1,0.0,0.0,unresolved,1,4,5.211428000000524
B,S4-p011,S4,completed,table_scalar_targets,table_labels,table_labels_v1,0.0,0.0,resolved,1,4,5.235403000000588
C,S1-p001,S1,completed,table_scalar_targets,prose_passage,default,0.005333333333333333,0.029411764705882353,resolved,2,4,6.97453459999997
C,S1-p002,S1,completed,table_scalar_targets,prose_passage,default,0.009433962264150943,0.04,unresolved,3,4,13.365504900000815
C,S2-p001,S2,completed,narrative_scalar_targets,prose_passage,default,0.02112676056338028,0.12121212121212122,resolved,0,4,5.311499200000981
C,S2-p004,S2,completed,table_scalar_targets,prose_passage,default,0.0037313432835820895,0.022222222222222223,resolved,4,4,9.396304599998984
C,S2-p005,S2,completed,table_scalar_targets,prose_passage,default,0.0018832391713747645,0.010638297872340425,resolved,4,4,10.241650500000105
C,S3-p005,S3,completed,table_scalar_targets,prose_passage,default,0.0,0.0,resolved,0,4,6.995668299998215
C,S3-p008,S3,completed,table_scalar_targets,prose_passage,default,0.007677543186180422,0.023255813953488372,unresolved,2,4,13.711016400000517
C,S3-p010,S3,completed,table_scalar_targets,prose_passage,default,0.028070175438596492,0.10204081632653061,unresolved,3,4,19.027563599998757
C,S3-p012,S3,completed,table_scalar_targets,table_labels,table_labels_v1,1.0,1.0,resolved,0,4,42.539642300000196
C,S4-p004,S4,completed,narrative_scalar_targets,prose_passage,default,0.04007633587786259,0.05952380952380952,unresolved,0,4,4.619683700000678
C,S4-p010,S4,completed,table_scalar_targets,table_labels,table_labels_v1,0.0,0.0,resolved,0,4,20.79638850000083
C,S4-p011,S4,completed,table_scalar_targets,table_labels,table_labels_v1,0.0,0.0,resolved,1,4,26.162518900000578
N,S1-p001,S1,completed,table_scalar_targets,prose_passage,default,1.0,1.0,resolved,0,4,
N,S1-p002,S1,completed,table_scalar_targets,prose_passage,default,1.0,1.0,resolved,0,4,
N,S2-p001,S2,completed,narrative_scalar_targets,prose_passage,default,1.0,1.0,resolved,0,4,
N,S2-p004,S2,completed,table_scalar_targets,prose_passage,default,1.0,1.0,resolved,0,4,
N,S2-p005,S2,completed,table_scalar_targets,prose_passage,default,1.0,1.0,resolved,0,4,
N,S3-p005,S3,completed,table_scalar_targets,prose_passage,default,0.03694581280788178,0.125,resolved,0,4,
N,S3-p008,S3,completed,table_scalar_targets,prose_passage,default,0.08637236084452975,0.23255813953488372,resolved,0,4,
N,S3-p010,S3,completed,table_scalar_targets,prose_passage,default,0.0456140350877193,0.09183673469387756,resolved,0,4,
N,S3-p012,S3,completed,table_scalar_targets,table_labels,table_labels_v1,0.04430379746835443,0.3333333333333333,resolved,0,4,
N,S4-p004,S4,completed,narrative_scalar_targets,prose_passage,default,0.009541984732824428,0.05952380952380952,resolved,2,4,
N,S4-p010,S4,completed,table_scalar_targets,table_labels,table_labels_v1,0.4787234042553192,0.6153846153846154,resolved,2,4,
N,S4-p011,S4,completed,table_scalar_targets,table_labels,table_labels_v1,0.15172413793103448,0.21052631578947367,resolved,1,4,
