pipeline,page_id,source_id,status,field_task_layout,text_reference_type,text_policy,CER,WER,text_alignment,strict_matches,targets,warmed_median_seconds
A,S1-p001,S1,completed,table_scalar_targets,prose_passage,default,0.0,0.0,resolved,0,4,1.7441457000004448
A,S1-p002,S1,completed,table_scalar_targets,prose_passage,default,0.007547169811320755,0.04,resolved,0,4,2.739198000000215
A,S2-p001,S2,completed,narrative_scalar_targets,prose_passage,default,0.00528169014084507,0.030303030303030304,resolved,4,4,3.3795969000002515
A,S2-p004,S2,completed,table_scalar_targets,prose_passage,default,0.0,0.0,resolved,0,4,4.582161399999677
A,S2-p005,S2,completed,table_scalar_targets,prose_passage,default,0.003766478342749529,0.02127659574468085,resolved,0,4,4.0637503999996625
A,S3-p005,S3,completed,table_scalar_targets,prose_passage,default,0.0,0.0,resolved,0,4,3.2983763000002
A,S3-p008,S3,completed,table_scalar_targets,prose_passage,default,0.0019193857965451055,0.011627906976744186,resolved,0,4,4.743348300000434
A,S3-p010,S3,completed,table_scalar_targets,prose_passage,default,0.007017543859649123,0.030612244897959183,resolved,2,4,4.8055193000000145
A,S3-p012,S3,completed,table_scalar_targets,table_labels,table_labels_v1,1.240506329113924,3.0,resolved,2,4,6.34624150000036
A,S4-p004,S4,completed,narrative_scalar_targets,prose_passage,default,0.0,0.0,resolved,3,4,3.2268906999997853
A,S4-p010,S4,completed,table_scalar_targets,table_labels,table_labels_v1,0.3351063829787234,0.34615384615384615,resolved,0,4,4.544605299999603
A,S4-p011,S4,completed,table_scalar_targets,table_labels,table_labels_v1,0.30344827586206896,0.47368421052631576,resolved,3,4,8.836148899999898
B,S1-p001,S1,completed,table_scalar_targets,prose_passage,default,0.005333333333333333,0.029411764705882353,resolved,2,4,4.668102099999487
B,S1-p002,S1,completed,table_scalar_targets,prose_passage,default,0.011320754716981131,0.05,unresolved,2,4,8.548703000000387
B,S2-p001,S2,completed,narrative_scalar_targets,prose_passage,default,0.02112676056338028,0.12121212121212122,resolved,3,4,8.262740600000143
B,S2-p004,S2,completed,table_scalar_targets,prose_passage,default,0.005597014925373134,0.022222222222222223,resolved,4,4,11.82226510000055
B,S2-p005,S2,completed,table_scalar_targets,prose_passage,default,0.003766478342749529,0.02127659574468085,resolved,4,4,10.981602400000156
B,S3-p005,S3,completed,table_scalar_targets,prose_passage,default,0.0,0.0,resolved,4,4,5.649837599999955
B,S3-p008,S3,completed,table_scalar_targets,prose_passage,default,0.007677543186180422,0.023255813953488372,unresolved,4,4,7.939695199999733
B,S3-p010,S3,completed,table_scalar_targets,prose_passage,default,0.11052631578947368,0.17346938775510204,unresolved,3,4,11.08525329999975
B,S3-p012,S3,completed,table_scalar_targets,table_labels,table_labels_v1,1.0,1.0,resolved,0,4,13.297198499999467
B,S4-p004,S4,completed,narrative_scalar_targets,prose_passage,default,0.04007633587786259,0.05952380952380952,unresolved,3,4,7.026580299999296
B,S4-p010,S4,completed,table_scalar_targets,table_labels,table_labels_v1,0.0,0.0,unresolved,1,4,9.898371099999167
B,S4-p011,S4,completed,table_scalar_targets,table_labels,table_labels_v1,0.0,0.0,resolved,1,4,10.018128000000615
C,S1-p001,S1,completed,table_scalar_targets,prose_passage,default,0.005333333333333333,0.029411764705882353,resolved,1,4,11.198130100000526
C,S1-p002,S1,completed,table_scalar_targets,prose_passage,default,0.009433962264150943,0.04,unresolved,3,4,24.230072800000016
C,S2-p001,S2,completed,narrative_scalar_targets,prose_passage,default,0.02112676056338028,0.12121212121212122,resolved,0,4,7.561750199999551
C,S2-p004,S2,completed,table_scalar_targets,prose_passage,default,0.0037313432835820895,0.022222222222222223,resolved,0,4,14.55261580000024
C,S2-p005,S2,completed,table_scalar_targets,prose_passage,default,0.0018832391713747645,0.010638297872340425,resolved,2,4,16.284399600000143
C,S3-p005,S3,completed,table_scalar_targets,prose_passage,default,0.0,0.0,resolved,0,4,12.941333799999484
C,S3-p008,S3,completed,table_scalar_targets,prose_passage,default,0.007677543186180422,0.023255813953488372,unresolved,1,4,25.935761400000047
C,S3-p010,S3,completed,table_scalar_targets,prose_passage,default,0.028070175438596492,0.10204081632653061,unresolved,0,4,32.37830060000033
C,S3-p012,S3,completed,table_scalar_targets,table_labels,table_labels_v1,1.0,1.0,unresolved,0,4,82.49457310000071
C,S4-p004,S4,completed,narrative_scalar_targets,prose_passage,default,0.04007633587786259,0.05952380952380952,unresolved,0,4,7.012821799999983
C,S4-p010,S4,completed,table_scalar_targets,table_labels,table_labels_v1,0.0,0.0,unresolved,0,4,36.87326919999941
C,S4-p011,S4,completed,table_scalar_targets,table_labels,table_labels_v1,0.0,0.0,unresolved,0,4,49.99669229999927
N,S1-p001,S1,completed,table_scalar_targets,prose_passage,default,1.0,1.0,resolved,0,4,
N,S1-p002,S1,completed,table_scalar_targets,prose_passage,default,1.0,1.0,resolved,0,4,
N,S2-p001,S2,completed,narrative_scalar_targets,prose_passage,default,1.0,1.0,resolved,0,4,
N,S2-p004,S2,completed,table_scalar_targets,prose_passage,default,1.0,1.0,resolved,0,4,
N,S2-p005,S2,completed,table_scalar_targets,prose_passage,default,1.0,1.0,resolved,0,4,
N,S3-p005,S3,completed,table_scalar_targets,prose_passage,default,0.03694581280788178,0.125,resolved,0,4,
N,S3-p008,S3,completed,table_scalar_targets,prose_passage,default,0.08637236084452975,0.23255813953488372,resolved,0,4,
N,S3-p010,S3,completed,table_scalar_targets,prose_passage,default,0.0456140350877193,0.09183673469387756,resolved,0,4,
N,S3-p012,S3,completed,table_scalar_targets,table_labels,table_labels_v1,0.04430379746835443,0.3333333333333333,resolved,0,4,
N,S4-p004,S4,completed,narrative_scalar_targets,prose_passage,default,0.009541984732824428,0.05952380952380952,resolved,2,4,
N,S4-p010,S4,completed,table_scalar_targets,table_labels,table_labels_v1,0.4787234042553192,0.6153846153846154,resolved,2,4,
N,S4-p011,S4,completed,table_scalar_targets,table_labels,table_labels_v1,0.15172413793103448,0.21052631578947367,resolved,1,4,
