package,version,license_expression,license_declaration,license_classifiers,license_or_notice_files,basis
accelerate,1.15.0,,Apache,License :: OSI Approved :: Apache Software License,accelerate-1.15.0.dist-info/licenses/LICENSE,Installed distribution metadata; not a redistribution clearance
annotated-types,0.8.0,MIT,,License :: OSI Approved :: MIT License,annotated_types-0.8.0.dist-info/licenses/LICENSE,Installed distribution metadata; not a redistribution clearance
antlr4-python3-runtime,4.9.3,,BSD,,,Installed distribution metadata; not a redistribution clearance
attrs,26.1.0,MIT,,,attrs-26.1.0.dist-info/licenses/LICENSE,Installed distribution metadata; not a redistribution clearance
beautifulsoup4,4.15.0,,MIT License,License :: OSI Approved :: MIT License,beautifulsoup4-4.15.0.dist-info/licenses/AUTHORS; beautifulsoup4-4.15.0.dist-info/licenses/LICENSE,Installed distribution metadata; not a redistribution clearance
certifi,2026.7.22,,MPL-2.0,License :: OSI Approved :: Mozilla Public License 2.0 (MPL 2.0),certifi-2026.7.22.dist-info/licenses/LICENSE,Installed distribution metadata; not a redistribution clearance
charset-normalizer,3.5.2,,MIT,,charset_normalizer-3.5.2.dist-info/licenses/LICENSE,Installed distribution metadata; not a redistribution clearance
click,8.5.0,BSD-3-Clause,,,click-8.5.0.dist-info/licenses/LICENSE.txt,Installed distribution metadata; not a redistribution clearance
colorama,0.4.6,,,License :: OSI Approved :: BSD License,colorama-0.4.6.dist-info/licenses/LICENSE.txt,Installed distribution metadata; not a redistribution clearance
coloredlogs,15.0.1,,MIT,License :: OSI Approved :: MIT License,coloredlogs-15.0.1.dist-info/LICENSE.txt,Installed distribution metadata; not a redistribution clearance
colorlog,6.12.0,,MIT License,License :: OSI Approved :: MIT License,colorlog-6.12.0.dist-info/licenses/LICENSE,Installed distribution metadata; not a redistribution clearance
defusedxml,0.7.1,,PSFL,License :: OSI Approved :: Python Software Foundation License,defusedxml-0.7.1.dist-info/LICENSE,Installed distribution metadata; not a redistribution clearance
dill,0.4.1,,BSD-3-Clause,License :: OSI Approved :: BSD License,dill-0.4.1.dist-info/LICENSE,Installed distribution metadata; not a redistribution clearance
doclang,0.7.3,Apache-2.0,,,doclang-0.7.3.dist-info/licenses/LICENSE,Installed distribution metadata; not a redistribution clearance
docling,2.67.0,MIT,,,docling-2.67.0.dist-info/licenses/LICENSE,Installed distribution metadata; not a redistribution clearance
docling-core,2.99.0,MIT,,,docling_core-2.99.0.dist-info/licenses/LICENSE,Installed distribution metadata; not a redistribution clearance
docling-ibm-models,3.15.0,MIT,,,docling_ibm_models-3.15.0.dist-info/licenses/LICENSE,Installed distribution metadata; not a redistribution clearance
docling-parse,4.7.3,MIT,,,docling_parse-4.7.3.dist-info/licenses/LICENSE; docling_parse/pdf_resources/cmap-resources/LICENSE.md; docling_parse/pdf_resources_v2/cmap-resources/LICENSE.md,Installed distribution metadata; not a redistribution clearance
et-xmlfile,2.0.0,,MIT,License :: OSI Approved :: MIT License,,Installed distribution metadata; not a redistribution clearance
faker,40.41.0,,MIT License,License :: OSI Approved :: MIT License,faker-40.41.0.dist-info/licenses/LICENSE.txt,Installed distribution metadata; not a redistribution clearance
filelock,4.0.12,MIT,,License :: OSI Approved :: MIT License,filelock-4.0.12.dist-info/licenses/LICENSE,Installed distribution metadata; not a redistribution clearance
filetype,1.2.0,,MIT,License :: OSI Approved :: MIT License,filetype-1.2.0.dist-info/LICENSE,Installed distribution metadata; not a redistribution clearance
flatbuffers,25.12.19,,Apache 2.0,License :: OSI Approved :: Apache Software License,,Installed distribution metadata; not a redistribution clearance
fsspec,2026.9.0,BSD-3-Clause,,,fsspec-2026.9.0.dist-info/licenses/LICENSE,Installed distribution metadata; not a redistribution clearance
huggingface-hub,0.36.2,,Apache,License :: OSI Approved :: Apache Software License,huggingface_hub-0.36.2.dist-info/licenses/LICENSE,Installed distribution metadata; not a redistribution clearance
humanfriendly,10.0,,MIT,License :: OSI Approved :: MIT License,humanfriendly-10.0.dist-info/LICENSE.txt,Installed distribution metadata; not a redistribution clearance
idna,3.20,BSD-3-Clause,,,idna-3.20.dist-info/licenses/LICENSE.md,Installed distribution metadata; not a redistribution clearance
iniconfig,2.3.0,MIT,,,iniconfig-2.3.0.dist-info/licenses/LICENSE,Installed distribution metadata; not a redistribution clearance
jinja2,3.1.6,,,License :: OSI Approved :: BSD License,jinja2-3.1.6.dist-info/licenses/LICENSE.txt,Installed distribution metadata; not a redistribution clearance
jsonlines,4.0.0,,BSD,License :: OSI Approved :: BSD License,jsonlines-4.0.0.dist-info/LICENSE.rst,Installed distribution metadata; not a redistribution clearance
jsonref,1.1.0,,MIT,,jsonref-1.1.0.dist-info/licenses/LICENSE,Installed distribution metadata; not a redistribution clearance
jsonschema,4.26.0,MIT,,,jsonschema-4.26.0.dist-info/licenses/COPYING,Installed distribution metadata; not a redistribution clearance
jsonschema-specifications,2025.9.1,MIT,,,jsonschema_specifications-2025.9.1.dist-info/licenses/COPYING,Installed distribution metadata; not a redistribution clearance
latex2mathml,3.81.1,,MIT,,,Installed distribution metadata; not a redistribution clearance
lxml,6.1.3,,BSD-3-Clause,,lxml-6.1.3.dist-info/licenses/LICENSE.txt; lxml-6.1.3.dist-info/licenses/LICENSES.txt,Installed distribution metadata; not a redistribution clearance
markdown-it-py,4.2.0,,,License :: OSI Approved :: MIT License,markdown_it_py-4.2.0.dist-info/licenses/LICENSE; markdown_it_py-4.2.0.dist-info/licenses/LICENSE.markdown-it,Installed distribution metadata; not a redistribution clearance
marko,2.2.4,,MIT,,marko-2.2.4.dist-info/licenses/LICENSE,Installed distribution metadata; not a redistribution clearance
markupsafe,3.0.4,BSD-3-Clause,,,markupsafe-3.0.4.dist-info/licenses/LICENSE.txt,Installed distribution metadata; not a redistribution clearance
mdurl,0.1.2,,,License :: OSI Approved :: MIT License,mdurl-0.1.2.dist-info/LICENSE,Installed distribution metadata; not a redistribution clearance
mpire,2.10.2,,MIT,License :: OSI Approved :: MIT License,mpire-2.10.2.dist-info/LICENSE,Installed distribution metadata; not a redistribution clearance
mpmath,1.3.0,,BSD,License :: OSI Approved :: BSD License,mpmath-1.3.0.dist-info/LICENSE,Installed distribution metadata; not a redistribution clearance
multiprocess,0.70.19,,BSD-3-Clause,License :: OSI Approved :: BSD License,multiprocess-0.70.19.dist-info/licenses/COPYING; multiprocess-0.70.19.dist-info/licenses/LICENSE,Installed distribution metadata; not a redistribution clearance
networkx,3.7,BSD-3-Clause,,,networkx-3.7.dist-info/licenses/LICENSE.txt,Installed distribution metadata; not a redistribution clearance
numpy,2.5.3,BSD-3-Clause AND 0BSD AND MIT AND Zlib AND CC0-1.0,,,numpy-2.5.3.dist-info/licenses/LICENSE.txt; numpy-2.5.3.dist-info/licenses/numpy/_core/include/numpy/libdivide/LICENSE.txt; numpy-2.5.3.dist-info/licenses/numpy/_core/src/common/pythoncapi-compat/COPYING; numpy-2.5.3.dist-info/licenses/numpy/_core/src/highway/LICENSE; numpy-2.5.3.dist-info/licenses/numpy/_core/src/multiarray/dragon4_LICENSE.txt; numpy-2.5.3.dist-info/licenses/numpy/_core/src/npysort/x86-simd-sort/LICENSE.md; numpy-2.5.3.dist-info/licenses/numpy/_core/src/umath/svml/LICENSE; numpy-2.5.3.dist-info/licenses/numpy/fft/pocketfft/LICENSE.md; numpy-2.5.3.dist-info/licenses/numpy/linalg/lapack_lite/LICENSE.txt; numpy-2.5.3.dist-info/licenses/numpy/ma/LICENSE; numpy-2.5.3.dist-info/licenses/numpy/random/LICENSE.md; numpy-2.5.3.dist-info/licenses/numpy/random/src/distributions/LICENSE.md; numpy-2.5.3.dist-info/licenses/numpy/random/src/mt19937/LICENSE.md; numpy-2.5.3.dist-info/licenses/numpy/random/src/pcg64/LICENSE.md; numpy-2.5.3.dist-info/licenses/numpy/random/src/philox/LICENSE.md; numpy-2.5.3.dist-info/licenses/numpy/random/src/sfc64/LICENSE.md; numpy-2.5.3.dist-info/licenses/numpy/random/src/splitmix64/LICENSE.md; numpy/_core/include/numpy/random/LICENSE.txt; numpy/ma/LICENSE; numpy/random/LICENSE.md,Installed distribution metadata; not a redistribution clearance
omegaconf,2.3.1,,,License :: OSI Approved :: BSD License,omegaconf-2.3.1.dist-info/licenses/LICENSE,Installed distribution metadata; not a redistribution clearance
onnxruntime,1.23.2,,MIT License,License :: OSI Approved :: MIT License,onnxruntime/LICENSE; onnxruntime/ThirdPartyNotices.txt,Installed distribution metadata; not a redistribution clearance
opencv-python,5.0.0.93,,Apache 2.0,License :: OSI Approved :: Apache Software License,cv2/LICENSE-3RD-PARTY.txt; cv2/LICENSE.txt; opencv_python-5.0.0.93.dist-info/LICENSE-3RD-PARTY.txt; opencv_python-5.0.0.93.dist-info/LICENSE.txt,Installed distribution metadata; not a redistribution clearance
openpyxl,3.1.5,,MIT,License :: OSI Approved :: MIT License,,Installed distribution metadata; not a redistribution clearance
packaging,26.3,Apache-2.0 OR BSD-2-Clause,,,packaging-26.3.dist-info/licenses/LICENSE; packaging-26.3.dist-info/licenses/LICENSE.APACHE; packaging-26.3.dist-info/licenses/LICENSE.BSD; packaging/licenses/__init__.py; packaging/licenses/_spdx.py,Installed distribution metadata; not a redistribution clearance
pandas,2.3.3,,Full license text in installed metadata (not abbreviated as a license identifier),License :: OSI Approved :: BSD License,pandas-2.3.3.dist-info/LICENSE,Installed distribution metadata; not a redistribution clearance
pillow,10.4.0,,HPND,License :: OSI Approved :: Historical Permission Notice and Disclaimer (HPND),pillow-10.4.0.dist-info/LICENSE,Installed distribution metadata; not a redistribution clearance
pluggy,1.6.0,,MIT,License :: OSI Approved :: MIT License,pluggy-1.6.0.dist-info/licenses/LICENSE,Installed distribution metadata; not a redistribution clearance
polyfactory,3.3.0,,MIT,License :: OSI Approved :: MIT License,polyfactory-3.3.0.dist-info/licenses/LICENSE,Installed distribution metadata; not a redistribution clearance
protobuf,7.36.2,,3-Clause BSD License,,protobuf-7.36.2.dist-info/LICENSE,Installed distribution metadata; not a redistribution clearance
psutil,7.2.2,,BSD-3-Clause,,psutil-7.2.2.dist-info/LICENSE,Installed distribution metadata; not a redistribution clearance
pyclipper,1.4.0,,MIT,License :: OSI Approved; License :: OSI Approved :: MIT License,pyclipper-1.4.0.dist-info/licenses/LICENSE,Installed distribution metadata; not a redistribution clearance
pydantic,2.13.5,MIT,,,pydantic-2.13.5.dist-info/licenses/LICENSE,Installed distribution metadata; not a redistribution clearance
pydantic-core,2.46.5,MIT,,,pydantic_core-2.46.5.dist-info/licenses/LICENSE,Installed distribution metadata; not a redistribution clearance
pydantic-settings,2.15.0,MIT,,License :: OSI Approved :: MIT License,pydantic_settings-2.15.0.dist-info/licenses/LICENSE,Installed distribution metadata; not a redistribution clearance
pygments,2.21.0,BSD-2-Clause,,,pygments-2.21.0.dist-info/licenses/AUTHORS; pygments-2.21.0.dist-info/licenses/LICENSE,Installed distribution metadata; not a redistribution clearance
pylatexenc,2.11,,MIT,License :: OSI Approved :: MIT License,pylatexenc-2.11.dist-info/licenses/LICENSE.txt,Installed distribution metadata; not a redistribution clearance
pypdf,6.1.1,BSD-3-Clause,,,pypdf-6.1.1.dist-info/licenses/LICENSE,Installed distribution metadata; not a redistribution clearance
pypdfium2,4.30.0,,(Apache-2.0 OR BSD-3-Clause) AND LicenseRef-PdfiumThirdParty,,pypdfium2-4.30.0.dist-info/LicenseRef-PdfiumThirdParty.txt,Installed distribution metadata; not a redistribution clearance
pyreadline3,3.5.6,,BSD,License :: OSI Approved :: BSD License,pyreadline3-3.5.6.dist-info/licenses/LICENSE.md,Installed distribution metadata; not a redistribution clearance
pytesseract,0.3.13,,Apache License 2.0,License :: OSI Approved :: Apache Software License,pytesseract-0.3.13.dist-info/LICENSE,Installed distribution metadata; not a redistribution clearance
pytest,8.4.2,,MIT,License :: OSI Approved :: MIT License,pytest-8.4.2.dist-info/licenses/AUTHORS; pytest-8.4.2.dist-info/licenses/LICENSE,Installed distribution metadata; not a redistribution clearance
python-dateutil,2.9.0.post0,,Dual License,License :: OSI Approved :: BSD License; License :: OSI Approved :: Apache Software License,python_dateutil-2.9.0.post0.dist-info/LICENSE,Installed distribution metadata; not a redistribution clearance
python-docx,1.2.0,,MIT,License :: OSI Approved :: MIT License,python_docx-1.2.0.dist-info/licenses/LICENSE,Installed distribution metadata; not a redistribution clearance
python-dotenv,1.2.4,,BSD-3-Clause,,python_dotenv-1.2.4.dist-info/licenses/LICENSE,Installed distribution metadata; not a redistribution clearance
python-pptx,1.0.2,,MIT,License :: OSI Approved :: MIT License,python_pptx-1.0.2.dist-info/LICENSE,Installed distribution metadata; not a redistribution clearance
pytz,2026.5,,MIT,License :: OSI Approved :: MIT License,pytz-2026.5.dist-info/LICENSE.txt,Installed distribution metadata; not a redistribution clearance
pywin32,312,,PSF,License :: OSI Approved :: Python Software Foundation License,adodbapi/license.txt; pythonwin/License.txt; pythonwin/Scintilla-License.txt; pythonwin/pywin/idle/LICENSE.txt; pywin32-312.dist-info/licenses/adodbapi/license.txt; pywin32-312.dist-info/licenses/com/License.txt; pywin32-312.dist-info/licenses/com/win32comext/mapi/src/MAPIStubLibrary/LICENSE; pywin32-312.dist-info/licenses/isapi/README.txt; pywin32-312.dist-info/licenses/pythonwin/License.txt; pywin32-312.dist-info/licenses/pythonwin/Scintilla/License.txt; pywin32-312.dist-info/licenses/pythonwin/pywin/idle/LICENSE.txt; pywin32-312.dist-info/licenses/win32/License.txt; win32/License.txt; win32com/License.txt; win32comext/License.txt; win32comext/mapi/MAPIStubLibrary-License.txt; win32comext/mapi/NOTICE.md,Installed distribution metadata; not a redistribution clearance
pyyaml,6.0.3,,MIT,License :: OSI Approved :: MIT License,pyyaml-6.0.3.dist-info/licenses/LICENSE,Installed distribution metadata; not a redistribution clearance
rapidocr,3.4.2,,Apache-2.0,,,Installed distribution metadata; not a redistribution clearance
referencing,0.37.0,MIT,,,referencing-0.37.0.dist-info/licenses/COPYING,Installed distribution metadata; not a redistribution clearance
regex,2026.9.29,Apache-2.0 AND CNRI-Python,,,regex-2026.9.29.dist-info/licenses/LICENSE.txt,Installed distribution metadata; not a redistribution clearance
requests,2.34.2,,Apache-2.0,License :: OSI Approved :: Apache Software License,requests-2.34.2.dist-info/licenses/LICENSE; requests-2.34.2.dist-info/licenses/NOTICE,Installed distribution metadata; not a redistribution clearance
rich,15.0.0,,MIT,License :: OSI Approved :: MIT License,rich-15.0.0.dist-info/licenses/LICENSE,Installed distribution metadata; not a redistribution clearance
rpds-py,2026.9.1,MIT,,,rpds_py-2026.9.1.dist-info/licenses/LICENSE,Installed distribution metadata; not a redistribution clearance
rtree,1.4.1,MIT,,,rtree-1.4.1.dist-info/licenses/LICENSE.txt,Installed distribution metadata; not a redistribution clearance
safetensors,0.8.0,,,License :: OSI Approved :: Apache Software License,safetensors-0.8.0.dist-info/licenses/LICENSE,Installed distribution metadata; not a redistribution clearance
scipy,1.18.1,,Full license text in installed metadata (not abbreviated as a license identifier),License :: OSI Approved :: BSD License,scipy-1.18.1.dist-info/LICENSE.txt; scipy/_lib/_uarray/LICENSE; scipy/fft/_duccfft/LICENSE.md; scipy/integrate/LICENSE_DOP,Installed distribution metadata; not a redistribution clearance
semchunk,3.2.5,,MIT,License :: OSI Approved :: MIT License,semchunk-3.2.5.dist-info/licenses/LICENCE,Installed distribution metadata; not a redistribution clearance
setuptools,84.0.0,MIT,,,setuptools-84.0.0.dist-info/licenses/LICENSE; setuptools/_vendor/autocommand-2.2.2.dist-info/LICENSE; setuptools/_vendor/backports.tarfile-1.2.0.dist-info/LICENSE; setuptools/_vendor/importlib_metadata-8.7.1.dist-info/licenses/LICENSE; setuptools/_vendor/jaraco.text-4.0.0.dist-info/LICENSE; setuptools/_vendor/jaraco_context-6.1.0.dist-info/licenses/LICENSE; setuptools/_vendor/jaraco_functools-4.4.0.dist-info/licenses/LICENSE; setuptools/_vendor/more_itertools-10.8.0.dist-info/licenses/LICENSE; setuptools/_vendor/packaging-26.0.dist-info/licenses/LICENSE; setuptools/_vendor/packaging-26.0.dist-info/licenses/LICENSE.APACHE; setuptools/_vendor/packaging-26.0.dist-info/licenses/LICENSE.BSD; setuptools/_vendor/packaging/licenses/__init__.py; setuptools/_vendor/packaging/licenses/_spdx.py; setuptools/_vendor/platformdirs-4.4.0.dist-info/licenses/LICENSE; setuptools/_vendor/tomli-2.4.0.dist-info/licenses/LICENSE; setuptools/_vendor/wheel-0.46.3.dist-info/licenses/LICENSE.txt; setuptools/_vendor/zipp-3.23.0.dist-info/licenses/LICENSE; setuptools/config/NOTICE; setuptools/config/_validate_pyproject/NOTICE,Installed distribution metadata; not a redistribution clearance
shapely,2.1.2,,BSD 3-Clause,License :: OSI Approved :: BSD License,shapely-2.1.2.dist-info/licenses/LICENSE.txt; shapely-2.1.2.dist-info/licenses/LICENSE_GEOS; shapely-2.1.2.dist-info/licenses/LICENSE_win32,Installed distribution metadata; not a redistribution clearance
shellingham,1.5.4,,ISC License,License :: OSI Approved :: ISC License (ISCL),shellingham-1.5.4.dist-info/LICENSE,Installed distribution metadata; not a redistribution clearance
six,1.17.0,,MIT,License :: OSI Approved :: MIT License,six-1.17.0.dist-info/LICENSE,Installed distribution metadata; not a redistribution clearance
soupsieve,2.10,MIT,,License :: OSI Approved :: MIT License,soupsieve-2.10.dist-info/licenses/LICENSE.md,Installed distribution metadata; not a redistribution clearance
sympy,1.14.0,,BSD,License :: OSI Approved :: BSD License,sympy-1.14.0.dist-info/licenses/AUTHORS; sympy-1.14.0.dist-info/licenses/LICENSE; sympy/parsing/latex/LICENSE.txt,Installed distribution metadata; not a redistribution clearance
tabulate,0.10.0,MIT,,,tabulate-0.10.0.dist-info/licenses/LICENSE,Installed distribution metadata; not a redistribution clearance
tokenizers,0.22.2,,,License :: OSI Approved :: Apache Software License,,Installed distribution metadata; not a redistribution clearance
torch,2.14.1,Apache-2.0 AND Apache-2.0 WITH LLVM-exception AND BSD-2-Clause AND BSD-3-Clause AND BSL-1.0 AND MIT,,,torch-2.14.1.dist-info/licenses/LICENSE; torch-2.14.1.dist-info/licenses/third_party/FP16/LICENSE; torch-2.14.1.dist-info/licenses/third_party/FXdiv/LICENSE; torch-2.14.1.dist-info/licenses/third_party/NNPACK/LICENSE; torch-2.14.1.dist-info/licenses/third_party/NVTX/LICENSE.txt; torch-2.14.1.dist-info/licenses/third_party/NVTX/docs/LICENSE.txt; torch-2.14.1.dist-info/licenses/third_party/NVTX/python/LICENSE.txt; torch-2.14.1.dist-info/licenses/third_party/NVTX/rust/LICENSE; torch-2.14.1.dist-info/licenses/third_party/NVTX/tools/docs/github-markdown-css/license; torch-2.14.1.dist-info/licenses/third_party/VulkanMemoryAllocator/LICENSE.txt; torch-2.14.1.dist-info/licenses/third_party/XNNPACK/LICENSE; torch-2.14.1.dist-info/licenses/third_party/aiter/3rdparty/composable_kernel/LICENSE; torch-2.14.1.dist-info/licenses/third_party/aiter/3rdparty/composable_kernel/docs/license.rst; torch-2.14.1.dist-info/licenses/third_party/aiter/LICENSE; torch-2.14.1.dist-info/licenses/third_party/benchmark/LICENSE; torch-2.14.1.dist-info/licenses/third_party/composable_kernel/LICENSE; torch-2.14.1.dist-info/licenses/third_party/composable_kernel/docs/license.rst; torch-2.14.1.dist-info/licenses/third_party/cpp-httplib/LICENSE; torch-2.14.1.dist-info/licenses/third_party/cpuinfo/LICENSE; torch-2.14.1.dist-info/licenses/third_party/cpuinfo/deps/clog/LICENSE; torch-2.14.1.dist-info/licenses/third_party/cudnn_frontend/LICENSE.txt; torch-2.14.1.dist-info/licenses/third_party/cutlass/LICENSE.txt; torch-2.14.1.dist-info/licenses/third_party/cutlass/python/LICENSE.txt; torch-2.14.1.dist-info/licenses/third_party/fbgemm/LICENSE; torch-2.14.1.dist-info/licenses/third_party/fbgemm/external/composable_kernel/LICENSE; torch-2.14.1.dist-info/licenses/third_party/fbgemm/external/composable_kernel/docs/license.rst; torch-2.14.1.dist-info/licenses/third_party/fbgemm/external/cpuinfo/LICENSE; torch-2.14.1.dist-info/licenses/third_party/fbgemm/external/cpuinfo/deps/clog/LICENSE; torch-2.14.1.dist-info/licenses/third_party/fbgemm/external/cutlass/LICENSE.txt; torch-2.14.1.dist-info/licenses/third_party/fbgemm/external/cutlass/python/LICENSE.txt; torch-2.14.1.dist-info/licenses/third_party/fbgemm/external/googletest/LICENSE; torch-2.14.1.dist-info/licenses/third_party/fbgemm/external/hipify_torch/LICENSE.txt; torch-2.14.1.dist-info/licenses/third_party/fbgemm/fbgemm_gpu/docs/src/general/License.rst; torch-2.14.1.dist-info/licenses/third_party/fbgemm/fbgemm_gpu/experimental/hstu/LICENSE; torch-2.14.1.dist-info/licenses/third_party/fbgemm/fbgemm_gpu/src/quantize_ops/mx/LICENSE; torch-2.14.1.dist-info/licenses/third_party/fbgemm/fbgemm_gpu/test/quantize/mx/LICENSE; torch-2.14.1.dist-info/licenses/third_party/flash-attention/LICENSE; torch-2.14.1.dist-info/licenses/third_party/flash-attention/csrc/composable_kernel/LICENSE; torch-2.14.1.dist-info/licenses/third_party/flash-attention/csrc/composable_kernel/docs/license.rst; torch-2.14.1.dist-info/licenses/third_party/flash-attention/csrc/cutlass/LICENSE.txt; torch-2.14.1.dist-info/licenses/third_party/flash-attention/csrc/cutlass/python/LICENSE.txt; torch-2.14.1.dist-info/licenses/third_party/flash-attention/flash_attn/cute/LICENSE; torch-2.14.1.dist-info/licenses/third_party/flash-attention/third_party/aiter/3rdparty/composable_kernel/LICENSE; torch-2.14.1.dist-info/licenses/third_party/flash-attention/third_party/aiter/3rdparty/composable_kernel/docs/license.rst; torch-2.14.1.dist-info/licenses/third_party/flash-attention/third_party/aiter/LICENSE; torch-2.14.1.dist-info/licenses/third_party/flatbuffers/LICENSE; torch-2.14.1.dist-info/licenses/third_party/flatbuffers/dart/LICENSE; torch-2.14.1.dist-info/licenses/third_party/flatbuffers/swift/LICENSE; torch-2.14.1.dist-info/licenses/third_party/fmt/LICENSE; torch-2.14.1.dist-info/licenses/third_party/gemmlowp/gemmlowp/LICENSE; torch-2.14.1.dist-info/licenses/third_party/gloo/LICENSE; torch-2.14.1.dist-info/licenses/third_party/googletest/LICENSE; torch-2.14.1.dist-info/licenses/third_party/ideep/LICENSE; torch-2.14.1.dist-info/licenses/third_party/ideep/mkl-dnn/LICENSE; torch-2.14.1.dist-info/licenses/third_party/ideep/mkl-dnn/third_party/gtest/LICENSE; torch-2.14.1.dist-info/licenses/third_party/ideep/mkl-dnn/third_party/opencl/LICENSE; torch-2.14.1.dist-info/licenses/third_party/kineto/LICENSE; torch-2.14.1.dist-info/licenses/third_party/kineto/libkineto/third_party/dynolog_headers/LICENSE; torch-2.14.1.dist-info/licenses/third_party/kineto/libkineto/third_party/fmt/LICENSE; torch-2.14.1.dist-info/licenses/third_party/kineto/libkineto/third_party/googletest/LICENSE; torch-2.14.1.dist-info/licenses/third_party/llvm-openmp/LICENSE.txt; torch-2.14.1.dist-info/licenses/third_party/mimalloc/LICENSE; torch-2.14.1.dist-info/licenses/third_party/miniz-3.0.2/LICENSE; torch-2.14.1.dist-info/licenses/third_party/mslk/LICENSE; torch-2.14.1.dist-info/licenses/third_party/mslk/external/composable_kernel/LICENSE; torch-2.14.1.dist-info/licenses/third_party/mslk/external/composable_kernel/docs/license.rst; torch-2.14.1.dist-info/licenses/third_party/mslk/external/cutlass/LICENSE.txt; torch-2.14.1.dist-info/licenses/third_party/mslk/external/cutlass/python/LICENSE.txt; torch-2.14.1.dist-info/licenses/third_party/mslk/external/googletest/LICENSE; torch-2.14.1.dist-info/licenses/third_party/mslk/external/hipify_torch/LICENSE.txt; torch-2.14.1.dist-info/licenses/third_party/mslk/mslk/attention/flash_attn/LICENSE; torch-2.14.1.dist-info/licenses/third_party/onnx/LICENSE; torch-2.14.1.dist-info/licenses/third_party/onnx/third_party/pybind11/LICENSE; torch-2.14.1.dist-info/licenses/third_party/perfetto/LICENSE; torch-2.14.1.dist-info/licenses/third_party/protobuf/LICENSE; torch-2.14.1.dist-info/licenses/third_party/protobuf/third_party/benchmark/LICENSE; torch-2.14.1.dist-info/licenses/third_party/protobuf/third_party/googletest/LICENSE; torch-2.14.1.dist-info/licenses/third_party/protobuf/third_party/googletest/googlemock/LICENSE; torch-2.14.1.dist-info/licenses/third_party/protobuf/third_party/googletest/googlemock/scripts/generator/LICENSE; torch-2.14.1.dist-info/licenses/third_party/protobuf/third_party/googletest/googletest/LICENSE; torch-2.14.1.dist-info/licenses/third_party/protobuf/third_party/utf8_range/LICENSE; torch-2.14.1.dist-info/licenses/third_party/psimd/LICENSE; torch-2.14.1.dist-info/licenses/third_party/pthreadpool/LICENSE; torch-2.14.1.dist-info/licenses/third_party/pybind11/LICENSE; torch-2.14.1.dist-info/licenses/third_party/python-peachpy/LICENSE.rst; torch-2.14.1.dist-info/licenses/third_party/sleef/LICENSE.txt; torch-2.14.1.dist-info/licenses/third_party/tensorpipe/LICENSE.txt; torch-2.14.1.dist-info/licenses/third_party/tensorpipe/third_party/googletest/LICENSE; torch-2.14.1.dist-info/licenses/third_party/tensorpipe/third_party/googletest/googlemock/LICENSE; torch-2.14.1.dist-info/licenses/third_party/tensorpipe/third_party/googletest/googlemock/scripts/generator/LICENSE; torch-2.14.1.dist-info/licenses/third_party/tensorpipe/third_party/googletest/googletest/LICENSE; torch-2.14.1.dist-info/licenses/third_party/tensorpipe/third_party/libnop/LICENSE; torch-2.14.1.dist-info/licenses/third_party/tensorpipe/third_party/libuv/LICENSE; torch-2.14.1.dist-info/licenses/third_party/tensorpipe/third_party/pybind11/LICENSE; torch-2.14.1.dist-info/licenses/third_party/tensorpipe/third_party/pybind11/tools/clang/LICENSE.TXT; torch/_vendor/packaging/LICENSE; torch/_vendor/packaging/LICENSE.APACHE; torch/_vendor/packaging/LICENSE.BSD; torch/_vendor/quack/LICENSE,Installed distribution metadata; not a redistribution clearance
torchvision,0.29.1,,BSD,,torchvision-0.29.1.dist-info/LICENSE,Installed distribution metadata; not a redistribution clearance
tqdm,4.70.1,,MPL-2.0 AND MIT,,tqdm-4.70.1.dist-info/licenses/LICENCE,Installed distribution metadata; not a redistribution clearance
transformers,4.57.6,,Apache 2.0 License,License :: OSI Approved :: Apache Software License,transformers-4.57.6.dist-info/licenses/LICENSE,Installed distribution metadata; not a redistribution clearance
tree-sitter,0.26.0,,,License :: OSI Approved :: MIT License,tree_sitter-0.26.0.dist-info/licenses/LICENSE,Installed distribution metadata; not a redistribution clearance
tree-sitter-c,0.24.2,,MIT,License :: OSI Approved :: MIT License,tree_sitter_c-0.24.2.dist-info/licenses/LICENSE,Installed distribution metadata; not a redistribution clearance
tree-sitter-javascript,0.25.0,,MIT,,tree_sitter_javascript-0.25.0.dist-info/licenses/LICENSE,Installed distribution metadata; not a redistribution clearance
tree-sitter-python,0.25.0,,MIT,,tree_sitter_python-0.25.0.dist-info/licenses/LICENSE,Installed distribution metadata; not a redistribution clearance
tree-sitter-typescript,0.23.2,,MIT,License :: OSI Approved :: MIT License,tree_sitter_typescript-0.23.2.dist-info/LICENSE,Installed distribution metadata; not a redistribution clearance
typer,0.19.2,,,License :: OSI Approved :: MIT License,typer-0.19.2.dist-info/licenses/LICENSE,Installed distribution metadata; not a redistribution clearance
typing-extensions,4.16.0,PSF-2.0,,,typing_extensions-4.16.0.dist-info/licenses/LICENSE,Installed distribution metadata; not a redistribution clearance
typing-inspection,0.4.4,MIT,,,typing_inspection-0.4.4.dist-info/licenses/LICENSE,Installed distribution metadata; not a redistribution clearance
tzdata,2026.5,,Apache-2.0,,tzdata-2026.5.dist-info/licenses/LICENSE; tzdata-2026.5.dist-info/licenses/licenses/LICENSE_APACHE,Installed distribution metadata; not a redistribution clearance
urllib3,2.8.0,MIT,,,urllib3-2.8.0.dist-info/licenses/LICENSE.txt,Installed distribution metadata; not a redistribution clearance
xlsxwriter,3.2.9,,BSD-2-Clause,License :: OSI Approved :: BSD License,xlsxwriter-3.2.9.dist-info/LICENSE.txt,Installed distribution metadata; not a redistribution clearance
