source_id,source_sha256,source_title,pdf_page,printed_page_label,publication_date_or_year,observation_period,target_id,pipeline,configuration_fingerprint,row_label,column_label,period_label,unit_label,context_source,raw_value,value,kind,markers,marker_kind,bounds,confidence_evidence,alignment,disposition,reason,human_confirmation
S1,a3d40e7c4abb85d59a0ac5b7e040415c50c3419eeb2966fe4c3c7a4520eaf318,School Enrollment in the United States: 1970,1,,1971-03-05,1970,S1-p001-f1,A,acc473d91db02d091b4a6274ee131596ccd61d44dddad5297ea9f1623156ae1f,"Total enrolled, 3 to 34 years old",1970,October 1970,thousands of persons,supplied_target_specification,,,missing,[],,"[0.6143498, 0.6061111, 0.6681614, 0.6205556]",[],resolved,review_required,missing_field,unconfirmed
S1,a3d40e7c4abb85d59a0ac5b7e040415c50c3419eeb2966fe4c3c7a4520eaf318,School Enrollment in the United States: 1970,1,,1971-03-05,1970,S1-p001-f2,A,acc473d91db02d091b4a6274ee131596ccd61d44dddad5297ea9f1623156ae1f,"Total enrolled, 3 to 34 years old",1965,October 1965,thousands of persons,supplied_target_specification,,,missing,[],,"[0.7324365, 0.6061111, 0.7862481, 0.6205556]",[],resolved,review_required,missing_field,unconfirmed
S1,a3d40e7c4abb85d59a0ac5b7e040415c50c3419eeb2966fe4c3c7a4520eaf318,School Enrollment in the United States: 1970,1,,1971-03-05,1970,S1-p001-f3,A,acc473d91db02d091b4a6274ee131596ccd61d44dddad5297ea9f1623156ae1f,Nursery,1970,October 1970,thousands of persons,supplied_target_specification,,,missing,[],,"[0.6203288, 0.6355556, 0.6681614, 0.65]",[],resolved,review_required,missing_field,unconfirmed
S1,a3d40e7c4abb85d59a0ac5b7e040415c50c3419eeb2966fe4c3c7a4520eaf318,School Enrollment in the United States: 1970,1,,1971-03-05,1970,S1-p001-f4,A,acc473d91db02d091b4a6274ee131596ccd61d44dddad5297ea9f1623156ae1f,Nursery,1965,October 1965,thousands of persons,supplied_target_specification,,,missing,[],,"[0.754858, 0.6355556, 0.7862481, 0.65]",[],resolved,review_required,missing_field,unconfirmed
S1,a3d40e7c4abb85d59a0ac5b7e040415c50c3419eeb2966fe4c3c7a4520eaf318,School Enrollment in the United States: 1970,2,2,1971-03-05,1970,S1-p002-f1,A,acc473d91db02d091b4a6274ee131596ccd61d44dddad5297ea9f1623156ae1f,Total enrolled,"1970, All races",October 1970,thousands of persons,supplied_target_specification,,,missing,[],,"[0.3539283, 0.5505556, 0.4118993, 0.5644444]",[],resolved,review_required,missing_field,unconfirmed
S1,a3d40e7c4abb85d59a0ac5b7e040415c50c3419eeb2966fe4c3c7a4520eaf318,School Enrollment in the United States: 1970,2,2,1971-03-05,1970,S1-p002-f2,A,acc473d91db02d091b4a6274ee131596ccd61d44dddad5297ea9f1623156ae1f,Total enrolled,"1970, White",October 1970,thousands of persons,supplied_target_specification,,,missing,[],,"[0.4347826, 0.5505556, 0.4942792, 0.5644444]",[],resolved,review_required,missing_field,unconfirmed
S1,a3d40e7c4abb85d59a0ac5b7e040415c50c3419eeb2966fe4c3c7a4520eaf318,School Enrollment in the United States: 1970,2,2,1971-03-05,1970,S1-p002-f3,A,acc473d91db02d091b4a6274ee131596ccd61d44dddad5297ea9f1623156ae1f,Nursery,"1970, All races",October 1970,thousands of persons,supplied_target_specification,,,missing,[],,"[0.3623188, 0.5683333, 0.4118993, 0.5822222]",[],resolved,review_required,missing_field,unconfirmed
S1,a3d40e7c4abb85d59a0ac5b7e040415c50c3419eeb2966fe4c3c7a4520eaf318,School Enrollment in the United States: 1970,2,2,1971-03-05,1970,S1-p002-f4,A,acc473d91db02d091b4a6274ee131596ccd61d44dddad5297ea9f1623156ae1f,Nursery,"1970, White",October 1970,thousands of persons,supplied_target_specification,,,missing,[],,"[0.4599542, 0.5683333, 0.4942792, 0.5822222]",[],resolved,review_required,missing_field,unconfirmed
S2,3ee297e255597982d9823f9ff73a43c68aebecb82881dcf866574def7e8dfbc9,Mobility of the Population of the United States: March 1960 to March 1961,1,,1962-08-09,1960-1961,S2-p001-f1,A,acc473d91db02d091b4a6274ee131596ccd61d44dddad5297ea9f1623156ae1f,Moved at least once,Persons,March 1960 to March 1961,million persons,supplied_target_specification,35.5,35.5,number,[],,"[0.1266667, 0.3027778, 0.1659259, 0.3188889]","[{""score"": 92.0, ""scope"": ""tesseract_word_0_100""}]",resolved,review_required,prototype_requires_review,unconfirmed
S2,3ee297e255597982d9823f9ff73a43c68aebecb82881dcf866574def7e8dfbc9,Mobility of the Population of the United States: March 1960 to March 1961,1,,1962-08-09,1960-1961,S2-p001-f2,A,acc473d91db02d091b4a6274ee131596ccd61d44dddad5297ea9f1623156ae1f,Moved at least once,Share,March 1960 to March 1961,percent,supplied_target_specification,20.0,20.0,number,[],,"[0.2644444, 0.3027778, 0.3037037, 0.3188889]","[{""score"": 96.0, ""scope"": ""tesseract_word_0_100""}]",resolved,review_required,prototype_requires_review,unconfirmed
S2,3ee297e255597982d9823f9ff73a43c68aebecb82881dcf866574def7e8dfbc9,Mobility of the Population of the United States: March 1960 to March 1961,1,,1962-08-09,1960-1961,S2-p001-f3,A,acc473d91db02d091b4a6274ee131596ccd61d44dddad5297ea9f1623156ae1f,Population age 1 and over,Persons,March 1961,million persons,supplied_target_specification,177.4,177.4,number,[],,"[0.4325926, 0.3027778, 0.4792593, 0.3188889]","[{""score"": 96.0, ""scope"": ""tesseract_word_0_100""}]",resolved,review_required,prototype_requires_review,unconfirmed
S2,3ee297e255597982d9823f9ff73a43c68aebecb82881dcf866574def7e8dfbc9,Mobility of the Population of the United States: March 1960 to March 1961,1,,1962-08-09,1960-1961,S2-p001-f4,A,acc473d91db02d091b4a6274ee131596ccd61d44dddad5297ea9f1623156ae1f,Population minimum age,Age,March 1961,years,supplied_target_specification,1,1,number,[],,"[0.1748148, 0.3188889, 0.1874074, 0.3333333]","[{""score"": 94.0, ""scope"": ""tesseract_word_0_100""}]",resolved,review_required,prototype_requires_review,unconfirmed
S2,3ee297e255597982d9823f9ff73a43c68aebecb82881dcf866574def7e8dfbc9,Mobility of the Population of the United States: March 1960 to March 1961,4,4,1962-08-09,1960-1961,S2-p004-f1,A,acc473d91db02d091b4a6274ee131596ccd61d44dddad5297ea9f1623156ae1f,14 to 17 years,"Mobility rate, Male",March 1961,percent,supplied_target_specification,,,missing,[],,"[0.1737226, 0.8711111, 0.2065693, 0.8844444]",[],resolved,review_required,missing_field,unconfirmed
S2,3ee297e255597982d9823f9ff73a43c68aebecb82881dcf866574def7e8dfbc9,Mobility of the Population of the United States: March 1960 to March 1961,4,4,1962-08-09,1960-1961,S2-p004-f2,A,acc473d91db02d091b4a6274ee131596ccd61d44dddad5297ea9f1623156ae1f,14 to 17 years,"Mobility rate, Female",March 1961,percent,supplied_target_specification,,,missing,[],,"[0.2248175, 0.8711111, 0.2569343, 0.8844444]",[],resolved,review_required,missing_field,unconfirmed
S2,3ee297e255597982d9823f9ff73a43c68aebecb82881dcf866574def7e8dfbc9,Mobility of the Population of the United States: March 1960 to March 1961,4,4,1962-08-09,1960-1961,S2-p004-f3,A,acc473d91db02d091b4a6274ee131596ccd61d44dddad5297ea9f1623156ae1f,18 and 19 years,"Mobility rate, Male",March 1961,percent,supplied_target_specification,,,missing,[],,"[0.1737226, 0.8822222, 0.2065693, 0.8944444]",[],resolved,review_required,missing_field,unconfirmed
S2,3ee297e255597982d9823f9ff73a43c68aebecb82881dcf866574def7e8dfbc9,Mobility of the Population of the United States: March 1960 to March 1961,4,4,1962-08-09,1960-1961,S2-p004-f4,A,acc473d91db02d091b4a6274ee131596ccd61d44dddad5297ea9f1623156ae1f,18 and 19 years,"Mobility rate, Female",March 1961,percent,supplied_target_specification,,,missing,[],,"[0.2248175, 0.8822222, 0.2569343, 0.8944444]",[],resolved,review_required,missing_field,unconfirmed
S2,3ee297e255597982d9823f9ff73a43c68aebecb82881dcf866574def7e8dfbc9,Mobility of the Population of the United States: March 1960 to March 1961,5,5,1962-08-09,1960-1961,S2-p005-f1,A,acc473d91db02d091b4a6274ee131596ccd61d44dddad5297ea9f1623156ae1f,"Observed, Total 18 to 64 years",Total population,March 1961,thousands of persons,supplied_target_specification,,,missing,[],,"[0.2509117, 0.1911111, 0.2983224, 0.205]",[],resolved,review_required,missing_field,unconfirmed
S2,3ee297e255597982d9823f9ff73a43c68aebecb82881dcf866574def7e8dfbc9,Mobility of the Population of the United States: March 1960 to March 1961,5,5,1962-08-09,1960-1961,S2-p005-f2,A,acc473d91db02d091b4a6274ee131596ccd61d44dddad5297ea9f1623156ae1f,"Observed, Total 18 to 64 years","Movers, Total",March 1961,thousands of persons,supplied_target_specification,,,missing,[],,"[0.321663, 0.1911111, 0.3632385, 0.205]",[],resolved,review_required,missing_field,unconfirmed
S2,3ee297e255597982d9823f9ff73a43c68aebecb82881dcf866574def7e8dfbc9,Mobility of the Population of the United States: March 1960 to March 1961,5,5,1962-08-09,1960-1961,S2-p005-f3,A,acc473d91db02d091b4a6274ee131596ccd61d44dddad5297ea9f1623156ae1f,"Observed, 18 to 24 years",Total population,March 1961,thousands of persons,supplied_target_specification,,,missing,[],,"[0.2552881, 0.2055556, 0.2983224, 0.2183333]",[],resolved,review_required,missing_field,unconfirmed
S2,3ee297e255597982d9823f9ff73a43c68aebecb82881dcf866574def7e8dfbc9,Mobility of the Population of the United States: March 1960 to March 1961,5,5,1962-08-09,1960-1961,S2-p005-f4,A,acc473d91db02d091b4a6274ee131596ccd61d44dddad5297ea9f1623156ae1f,"Observed, 18 to 24 years","Movers, Total",March 1961,thousands of persons,supplied_target_specification,,,missing,[],,"[0.321663, 0.2055556, 0.3632385, 0.2183333]",[],resolved,review_required,missing_field,unconfirmed
S3,2927c0a5bbfae5614d1f830313f74ff2978b6e59cd3b0d8bb189b71e4ddb8259,Mortality Statistics: 1911,5,7,1913,1911,S3-p005-f1,A,acc473d91db02d091b4a6274ee131596ccd61d44dddad5297ea9f1623156ae1f,1911,"Left series, Death rate",1911,"deaths per 1,000 population",supplied_target_specification,,,missing,[],,"[0.2473118, 0.4277778, 0.2731183, 0.4411111]",[],resolved,review_required,missing_field,unconfirmed
S3,2927c0a5bbfae5614d1f830313f74ff2978b6e59cd3b0d8bb189b71e4ddb8259,Mortality Statistics: 1911,5,7,1913,1911,S3-p005-f2,A,acc473d91db02d091b4a6274ee131596ccd61d44dddad5297ea9f1623156ae1f,1903,"Right series, Death rate",1903,"deaths per 1,000 population",supplied_target_specification,,,missing,[],,"[0.4494624, 0.4277778, 0.474552, 0.4411111]",[],resolved,review_required,missing_field,unconfirmed
S3,2927c0a5bbfae5614d1f830313f74ff2978b6e59cd3b0d8bb189b71e4ddb8259,Mortality Statistics: 1911,5,7,1913,1911,S3-p005-f3,A,acc473d91db02d091b4a6274ee131596ccd61d44dddad5297ea9f1623156ae1f,1910,"Left series, Death rate",1910,"deaths per 1,000 population",supplied_target_specification,,,missing,[],,"[0.2473118, 0.4361111, 0.2731183, 0.4483333]",[],resolved,review_required,missing_field,unconfirmed
S3,2927c0a5bbfae5614d1f830313f74ff2978b6e59cd3b0d8bb189b71e4ddb8259,Mortality Statistics: 1911,5,7,1913,1911,S3-p005-f4,A,acc473d91db02d091b4a6274ee131596ccd61d44dddad5297ea9f1623156ae1f,1902,"Right series, Death rate",1902,"deaths per 1,000 population",supplied_target_specification,,,missing,[],,"[0.4494624, 0.4361111, 0.474552, 0.4483333]",[],resolved,review_required,missing_field,unconfirmed
S3,2927c0a5bbfae5614d1f830313f74ff2978b6e59cd3b0d8bb189b71e4ddb8259,Mortality Statistics: 1911,8,10,1913,1911,S3-p008-f1,A,acc473d91db02d091b4a6274ee131596ccd61d44dddad5297ea9f1623156ae1f,Registration states (1900),1911,1911,"deaths per 1,000 population",supplied_target_specification,14.9],,invalid,[],,"[0.2964286, 0.3013468, 0.3207143, 0.3142536]","[{""score"": 76.0, ""scope"": ""tesseract_word_0_100""}]",resolved,review_required,invalid_number,unconfirmed
S3,2927c0a5bbfae5614d1f830313f74ff2978b6e59cd3b0d8bb189b71e4ddb8259,Mortality Statistics: 1911,8,10,1913,1911,S3-p008-f2,A,acc473d91db02d091b4a6274ee131596ccd61d44dddad5297ea9f1623156ae1f,Registration states (1900),1910,1910,"deaths per 1,000 population",supplied_target_specification,15.64},,invalid,[],,"[0.3307143, 0.3013468, 0.3564286, 0.3142536]","[{""score"": 49.0, ""scope"": ""tesseract_word_0_100""}]",resolved,review_required,invalid_number,unconfirmed
S3,2927c0a5bbfae5614d1f830313f74ff2978b6e59cd3b0d8bb189b71e4ddb8259,Mortality Statistics: 1911,8,10,1913,1911,S3-p008-f3,A,acc473d91db02d091b4a6274ee131596ccd61d44dddad5297ea9f1623156ae1f,"Cities of 8,000 or more inhabitants in 1900",1911,1911,"deaths per 1,000 population",supplied_target_specification,Ld,,invalid,[],,"[0.2964286, 0.3232323, 0.3207143, 0.3350168]","[{""score"": 36.0, ""scope"": ""tesseract_word_0_100""}]",resolved,review_required,invalid_number,unconfirmed
S3,2927c0a5bbfae5614d1f830313f74ff2978b6e59cd3b0d8bb189b71e4ddb8259,Mortality Statistics: 1911,8,10,1913,1911,S3-p008-f4,A,acc473d91db02d091b4a6274ee131596ccd61d44dddad5297ea9f1623156ae1f,"Cities of 8,000 or more inhabitants in 1900",1910,1910,"deaths per 1,000 population",supplied_target_specification,16.2),,invalid,[],,"[0.3307143, 0.3232323, 0.3564286, 0.3350168]","[{""score"": 79.0, ""scope"": ""tesseract_word_0_100""}]",resolved,review_required,invalid_number,unconfirmed
S3,2927c0a5bbfae5614d1f830313f74ff2978b6e59cd3b0d8bb189b71e4ddb8259,Mortality Statistics: 1911,10,12,1913,1911,S3-p010-f1,A,acc473d91db02d091b4a6274ee131596ccd61d44dddad5297ea9f1623156ae1f,London,1911,1911,"deaths per 1,000 persons living",supplied_target_specification,15.0),,invalid,[],,"[0.2064286, 0.2038997, 0.2292857, 0.2155989]","[{""score"": 72.0, ""scope"": ""tesseract_word_0_100""}]",resolved,review_required,invalid_number,unconfirmed
S3,2927c0a5bbfae5614d1f830313f74ff2978b6e59cd3b0d8bb189b71e4ddb8259,Mortality Statistics: 1911,10,12,1913,1911,S3-p010-f2,A,acc473d91db02d091b4a6274ee131596ccd61d44dddad5297ea9f1623156ae1f,London,1910,1910,"deaths per 1,000 persons living",supplied_target_specification,13.7,13.7,number,[],,"[0.2371429, 0.2038997, 0.2607143, 0.2155989]","[{""score"": 82.0, ""scope"": ""tesseract_word_0_100""}]",resolved,review_required,prototype_requires_review,unconfirmed
S3,2927c0a5bbfae5614d1f830313f74ff2978b6e59cd3b0d8bb189b71e4ddb8259,Mortality Statistics: 1911,10,12,1913,1911,S3-p010-f3,A,acc473d91db02d091b4a6274ee131596ccd61d44dddad5297ea9f1623156ae1f,Edinburgh,1911,1911,"deaths per 1,000 persons living",supplied_target_specification,16.0,16.0,number,[],,"[0.2064286, 0.2116992, 0.2292857, 0.2233983]","[{""score"": 91.0, ""scope"": ""tesseract_word_0_100""}]",resolved,review_required,prototype_requires_review,unconfirmed
S3,2927c0a5bbfae5614d1f830313f74ff2978b6e59cd3b0d8bb189b71e4ddb8259,Mortality Statistics: 1911,10,12,1913,1911,S3-p010-f4,A,acc473d91db02d091b4a6274ee131596ccd61d44dddad5297ea9f1623156ae1f,Edinburgh,1910,1910,"deaths per 1,000 persons living",supplied_target_specification,"15,7",,invalid,[],,"[0.2371429, 0.2116992, 0.2607143, 0.2233983]","[{""score"": 70.0, ""scope"": ""tesseract_word_0_100""}]",resolved,review_required,invalid_number,unconfirmed
S3,2927c0a5bbfae5614d1f830313f74ff2978b6e59cd3b0d8bb189b71e4ddb8259,Mortality Statistics: 1911,12,14,1913,1911,S3-p012-f1,A,acc473d91db02d091b4a6274ee131596ccd61d44dddad5297ea9f1623156ae1f,Registration states,"Both sexes, All ages",1911,"deaths per 1,000 population",supplied_target_specification,18.9,18.9,number,[],,"[0.2871429, 0.2272473, 0.3142857, 0.2400893]","[{""score"": 57.0, ""scope"": ""tesseract_word_0_100""}]",resolved,review_required,prototype_requires_review,unconfirmed
S3,2927c0a5bbfae5614d1f830313f74ff2978b6e59cd3b0d8bb189b71e4ddb8259,Mortality Statistics: 1911,12,14,1913,1911,S3-p012-f2,A,acc473d91db02d091b4a6274ee131596ccd61d44dddad5297ea9f1623156ae1f,Registration states,"Both sexes, Under 1 year",1911,"deaths per 1,000 population in age group",supplied_target_specification,112.91,112.91,number,[],,"[0.3257143, 0.2272473, 0.3564286, 0.2400893]","[{""score"": 55.0, ""scope"": ""tesseract_word_0_100""}]",resolved,review_required,prototype_requires_review,unconfirmed
S3,2927c0a5bbfae5614d1f830313f74ff2978b6e59cd3b0d8bb189b71e4ddb8259,Mortality Statistics: 1911,12,14,1913,1911,S3-p012-f3,A,acc473d91db02d091b4a6274ee131596ccd61d44dddad5297ea9f1623156ae1f,California,"Both sexes, All ages",1911,"deaths per 1,000 population",supplied_target_specification,13.7,13.7,number,[],,"[0.2871429, 0.2423227, 0.3142857, 0.2546064]","[{""score"": 95.0, ""scope"": ""tesseract_word_0_100""}]",resolved,review_required,prototype_requires_review,unconfirmed
S3,2927c0a5bbfae5614d1f830313f74ff2978b6e59cd3b0d8bb189b71e4ddb8259,Mortality Statistics: 1911,12,14,1913,1911,S3-p012-f4,A,acc473d91db02d091b4a6274ee131596ccd61d44dddad5297ea9f1623156ae1f,California,"Both sexes, Under 1 year",1911,"deaths per 1,000 population in age group",supplied_target_specification,83.2,83.2,number,[],,"[0.3257143, 0.2423227, 0.3564286, 0.2546064]","[{""score"": 80.0, ""scope"": ""tesseract_word_0_100""}]",resolved,review_required,prototype_requires_review,unconfirmed
S4,77213181544c553be9f2ee360607333bb61cbaec74556b34856ff129d4cbb7f4,"Estimates of Population of the United States, 1910-1916",4,7,1916,1910-1916,S4-p004-f1,A,acc473d91db02d091b4a6274ee131596ccd61d44dddad5297ea9f1623156ae1f,Cities,Minimum population,"April 15, 1910",persons,supplied_target_specification,"8,000",8000,number,[],,"[0.3622291, 0.2627778, 0.4078947, 0.2788889]","[{""score"": 96.0, ""scope"": ""tesseract_word_0_100""}]",resolved,review_required,prototype_requires_review,unconfirmed
S4,77213181544c553be9f2ee360607333bb61cbaec74556b34856ff129d4cbb7f4,"Estimates of Population of the United States, 1910-1916",4,7,1916,1910-1916,S4-p004-f2,A,acc473d91db02d091b4a6274ee131596ccd61d44dddad5297ea9f1623156ae1f,Intercensal interval,Elapsed time,1900-1910,months,supplied_target_specification,118.5,118.5,number,[],,"[0.7956656, 0.3161111, 0.8490712, 0.3327778]","[{""score"": 95.0, ""scope"": ""tesseract_word_0_100""}]",resolved,review_required,prototype_requires_review,unconfirmed
S4,77213181544c553be9f2ee360607333bb61cbaec74556b34856ff129d4cbb7f4,"Estimates of Population of the United States, 1910-1916",4,7,1916,1910-1916,S4-p004-f3,A,acc473d91db02d091b4a6274ee131596ccd61d44dddad5297ea9f1623156ae1f,Annual increase calculation,Divisor,1900-1910,months,supplied_target_specification,118.5,118.5,number,[],,"[0.7422601, 0.3477778, 0.7933437, 0.3633333]","[{""score"": 96.0, ""scope"": ""tesseract_word_0_100""}]",resolved,review_required,prototype_requires_review,unconfirmed
S4,77213181544c553be9f2ee360607333bb61cbaec74556b34856ff129d4cbb7f4,"Estimates of Population of the United States, 1910-1916",4,7,1916,1910-1916,S4-p004-f4,A,acc473d91db02d091b4a6274ee131596ccd61d44dddad5297ea9f1623156ae1f,Annual increase calculation,Multiplier,1900-1910,months per year,supplied_target_specification,"12,",,invalid,[],,"[0.628483, 0.3627778, 0.6547988, 0.3783333]","[{""score"": 96.0, ""scope"": ""tesseract_word_0_100""}]",resolved,review_required,invalid_number,unconfirmed
S4,77213181544c553be9f2ee360607333bb61cbaec74556b34856ff129d4cbb7f4,"Estimates of Population of the United States, 1910-1916",10,14,1916,1910-1916,S4-p010-f1,A,acc473d91db02d091b4a6274ee131596ccd61d44dddad5297ea9f1623156ae1f,United States,"Area, Total",1916,square miles,supplied_target_specification,,,missing,[],,"[0.2313084, 0.2627778, 0.2827103, 0.2727778]",[],resolved,review_required,missing_field,unconfirmed
S4,77213181544c553be9f2ee360607333bb61cbaec74556b34856ff129d4cbb7f4,"Estimates of Population of the United States, 1910-1916",10,14,1916,1910-1916,S4-p010-f2,A,acc473d91db02d091b4a6274ee131596ccd61d44dddad5297ea9f1623156ae1f,United States,"Area, Land",1916,square miles,supplied_target_specification,veeeeeeedloeeccceeecleeeeees,,invalid,[],,"[0.288162, 0.2627778, 0.334891, 0.2727778]","[{""score"": 0.0, ""scope"": ""tesseract_word_0_100""}]",resolved,review_required,invalid_number,unconfirmed
S4,77213181544c553be9f2ee360607333bb61cbaec74556b34856ff129d4cbb7f4,"Estimates of Population of the United States, 1910-1916",10,14,1916,1910-1916,S4-p010-f3,A,acc473d91db02d091b4a6274ee131596ccd61d44dddad5297ea9f1623156ae1f,Continental United States,"Area, Total",1916,square miles,supplied_target_specification,"“3, 026, 780]|",,invalid,[],,"[0.2313084, 0.2755556, 0.2827103, 0.2883333]","[{""score"": 90.0, ""scope"": ""tesseract_word_0_100""}, {""score"": 93.0, ""scope"": ""tesseract_word_0_100""}, {""score"": 15.0, ""scope"": ""tesseract_word_0_100""}]",resolved,review_required,invalid_number,unconfirmed
S4,77213181544c553be9f2ee360607333bb61cbaec74556b34856ff129d4cbb7f4,"Estimates of Population of the United States, 1910-1916",10,14,1916,1910-1916,S4-p010-f4,A,acc473d91db02d091b4a6274ee131596ccd61d44dddad5297ea9f1623156ae1f,Continental United States,"Area, Land",1916,square miles,supplied_target_specification,"2, 973, 890,",,invalid,[],,"[0.288162, 0.2755556, 0.3372274, 0.2883333]","[{""score"": 95.0, ""scope"": ""tesseract_word_0_100""}, {""score"": 95.0, ""scope"": ""tesseract_word_0_100""}, {""score"": 80.0, ""scope"": ""tesseract_word_0_100""}]",resolved,review_required,invalid_number,unconfirmed
S4,77213181544c553be9f2ee360607333bb61cbaec74556b34856ff129d4cbb7f4,"Estimates of Population of the United States, 1910-1916",11,15,1916,1910-1916,S4-p011-f1,A,acc473d91db02d091b4a6274ee131596ccd61d44dddad5297ea9f1623156ae1f,Continental United States,Land area,"July 1, 1916",square miles,supplied_target_specification,"2,973, 890",,invalid,[],,"[0.2695398, 0.1844444, 0.3272462, 0.1983333]","[{""score"": 89.0, ""scope"": ""tesseract_word_0_100""}, {""score"": 89.0, ""scope"": ""tesseract_word_0_100""}]",resolved,review_required,invalid_number,unconfirmed
S4,77213181544c553be9f2ee360607333bb61cbaec74556b34856ff129d4cbb7f4,"Estimates of Population of the United States, 1910-1916",11,15,1916,1910-1916,S4-p011-f2,A,acc473d91db02d091b4a6274ee131596ccd61d44dddad5297ea9f1623156ae1f,Continental United States,Census population,"April 15, 1910",persons,supplied_target_specification,"91,972,266",91972266,number,[],,"[0.339664, 0.1844444, 0.4010226, 0.1983333]","[{""score"": 79.0, ""scope"": ""tesseract_word_0_100""}]",resolved,review_required,prototype_requires_review,unconfirmed
S4,77213181544c553be9f2ee360607333bb61cbaec74556b34856ff129d4cbb7f4,"Estimates of Population of the United States, 1910-1916",11,15,1916,1910-1916,S4-p011-f3,A,acc473d91db02d091b4a6274ee131596ccd61d44dddad5297ea9f1623156ae1f,New England division,Land area,"July 1, 1916",square miles,supplied_target_specification,"61,976",61976,number,[],,"[0.2856099, 0.2083333, 0.3272462, 0.2222222]","[{""score"": 96.0, ""scope"": ""tesseract_word_0_100""}]",resolved,review_required,prototype_requires_review,unconfirmed
S4,77213181544c553be9f2ee360607333bb61cbaec74556b34856ff129d4cbb7f4,"Estimates of Population of the United States, 1910-1916",11,15,1916,1910-1916,S4-p011-f4,A,acc473d91db02d091b4a6274ee131596ccd61d44dddad5297ea9f1623156ae1f,New England division,Census population,"April 15, 1910",persons,supplied_target_specification,"6,552,681",6552681,number,[],,"[0.3469686, 0.2083333, 0.4010226, 0.2222222]","[{""score"": 65.0, ""scope"": ""tesseract_word_0_100""}]",resolved,review_required,prototype_requires_review,unconfirmed
